{
  "train_size": 180000,
  "valid_size": 45000,
  "roc_auc": 0.9558627777777777,
  "average_precision": 0.8535151725287528,
  "precision": 0.8233615105939182,
  "recall": 1.0,
  "f1": 0.9031248118489975,
  "precision_at_k": 0.588087133131186,
  "recall_at_k": 0.9871828267402959,
  "map_at_k": 0.8863652211578056,
  "ndcg_at_k": 0.9361481767041352
}